Orgin,Destination,Distance,Highway,Bridge,Width
1464,2023,20.149217,"footway",,
2023,1464,20.149217,"footway",,
2023,2018,18.844308,"footway",,
2018,2023,18.844308,"footway",,
2018,2006,46.498633999999996,"footway",,
2006,2018,46.498633999999996,"footway",,
2006,2021,39.117963,"footway",,
2021,2006,39.117963,"footway",,
2021,2031,27.404106,"footway",,
2031,2021,27.404106,"footway",,
2029,1467,8.551662,"footway",,
1467,2029,8.551662,"footway",,
2033,1467,25.740595,"footway",,
2025,2031,11.291409999999999,"footway",,
2031,2025,11.291409999999999,"footway",,
2031,2029,9.883321,"footway",,
2029,2031,9.883321,"footway",,
2029,2025,16.955481000000002,"footway",,
2025,2029,16.955481000000002,"footway",,
2025,2025,0.0,"footway",,
2025,2025,0.0,"footway",,
2025,2008,20.162054,"footway",,
2008,2025,20.162054,"footway",,
2008,2010,3.597865,"footway",,
2010,2008,3.597865,"footway",,
2010,2022,6.888591,"footway",,
2022,2010,6.888591,"footway",,
2023,2022,20.123379,"footway",,
2022,1465,12.473949,"footway",,
1465,2022,12.473949,"footway",,
340,1520,112.122129,"service",,
1520,340,112.122129,"service",,
1523,1519,116.223991,"service",,
1519,1523,116.223991,"service",,
1461,1954,131.37644100000003,"footway",,
1954,1461,131.37644100000003,"footway",,
1421,1945,14.515879,"footway",,
1945,1421,14.515879,"footway",,
1945,1946,11.623969,"footway",,
1946,1945,11.623969,"footway",,
1946,1940,49.079506,"footway",,
1940,1946,49.079506,"footway",,
1417,1931,19.035684,"footway",,
1931,1417,19.035684,"footway",,
1931,1940,13.030458000000001,"footway",,
1940,1931,13.030458000000001,"footway",,
1940,1934,56.187591999999995,"footway",,
1934,1940,56.187591999999995,"footway",,
1934,1414,12.455199,"footway",,
1414,1934,12.455199,"footway",,
1934,1931,47.565956,"footway",,
1930,1906,9.475416,"footway",,
1906,1930,9.475416,"footway",,
1906,1915,29.083458,"footway",,
1915,1906,29.083458,"footway",,
1915,1316,37.120584,"footway",,
1316,1915,37.120584,"footway",,
1897,1905,50.565417999999994,"footway",,
1905,1897,50.565417999999994,"footway",,
1905,1915,36.394287,"footway",,
1899,1905,45.508015,"footway",,
1915,1905,36.394287,"footway",,
1905,1899,45.508015,"footway",,
1906,1374,107.844009,"footway",,
1898,1897,2.952057,"footway",,
1897,1898,2.952057,"footway",,
1897,1315,54.441897,"footway",,
1315,1897,54.441897,"footway",,
1452,1871,19.144118,"footway",,
1871,1452,19.144118,"footway",,
1436,1877,30.465233,"footway",,
1877,1436,30.465233,"footway",,
1877,1869,3.9643680000000003,"footway",,
1869,1877,3.9643680000000003,"footway",,
1871,1869,12.188377,"footway",,
1877,1871,5.755614,"footway",,
1869,1443,20.122857,"footway",,
1443,1869,20.122857,"footway",,
1863,1853,48.570965,"footway",,
1853,1863,48.570965,"footway",,
1855,1849,47.558142000000004,"footway",,
204,1845,5.07427,"footway",,
1845,204,5.07427,"footway",,
1845,1853,26.843499,"footway",,
1853,1845,26.843499,"footway",,
1853,1399,36.649911,"footway",,
1399,1853,36.649911,"footway",,
200,1849,10.097419,"footway",,
1849,200,10.097419,"footway",,
1845,1849,69.333624,"footway",,
1440,1833,16.566998,"footway",,
1833,1440,16.566998,"footway",,
1833,1838,8.587,"footway",,
1838,1833,8.587,"footway",,
1838,1816,70.051252,"footway",,
1816,1838,70.051252,"footway",,
1838,1811,21.219607,"footway",,
1833,1393,56.886077,"footway",,
1832,978,28.376815,"service",,
978,1832,28.376815,"service",,
1717,1823,26.704255,"residential",,
1823,1717,26.704255,"residential",,
1444,1323,75.417091,"footway",,
1323,1444,75.417091,"footway",,
1818,1816,24.898246999999998,"footway",,
1816,1818,24.898246999999998,"footway",,
1816,1811,74.18626499999999,"footway",,
1811,1816,74.18626499999999,"footway",,
1811,1392,53.53756,"footway",,
1392,1811,53.53756,"footway",,
669,1807,34.798025,"residential",,
1807,669,34.798025,"residential",,
904,1806,56.828101,"residential",,
1806,904,56.828101,"residential",,
902,1805,52.322561,"service",,
1805,902,52.322561,"service",,
901,1804,51.769639,"residential",,
1804,901,51.769639,"residential",,
899,1803,47.011012,"residential",,
1803,899,47.011012,"residential",,
1756,148,51.073118,"residential",,
148,1756,51.073118,"residential",,
1748,986,44.321266,"residential",,
986,1748,44.321266,"residential",,
1795,1125,36.472784,"residential",,
1125,1795,36.472784,"residential",,
1794,1114,43.260141,"residential",,
1114,1794,43.260141,"residential",,
1793,1111,66.737323,"residential",,
1111,1793,66.737323,"residential",,
1110,1792,42.965817,"service",,
1792,1110,42.965817,"service",,
1113,1791,39.9411,"service",,
1791,1113,39.9411,"service",,
1790,1112,59.827588,"service",,
1112,1790,59.827588,"service",,
425,454,62.580907,"residential",,
454,425,62.580907,"residential",,
926,1746,42.152785,"residential",,
1746,926,42.152785,"residential",,
1782,1779,14.525333,"residential",,
1779,1782,14.525333,"residential",,
1779,626,30.664044,"residential",,
626,1779,30.664044,"residential",,
1037,1777,39.04739,"residential",,
1777,1037,39.04739,"residential",,
1777,1779,16.716637,"residential",,
1778,1777,16.048153,"residential",,
1779,1777,16.716637,"residential",,
1777,1778,16.048153,"residential",,
1776,982,15.481205,"residential",,
982,1776,15.481205,"residential",,
1017,1581,99.498542,"residential",,
1581,1017,99.498542,"residential",,
1772,1016,29.73019,"residential",,
1771,1067,52.974931,"service",,
1067,1771,52.974931,"service",,
1770,1068,49.656781,"service",,
1068,1770,49.656781,"service",,
1769,1070,50.449977,"service",,
1070,1769,50.449977,"service",,
1766,1079,25.346048,"residential",,
1079,1766,25.346048,"residential",,
1765,855,47.836269,"service",,
855,1765,47.836269,"service",,
1763,694,33.711257,"residential",,
694,1763,33.711257,"residential",,
690,1761,30.661975,"residential",,
1761,690,30.661975,"residential",,
671,860,74.178926,"residential",,
860,671,74.178926,"residential",,
1760,668,60.236628,"residential",,
668,1760,60.236628,"residential",,
906,1759,50.423125,"residential",,
1759,906,50.423125,"residential",,
905,1758,33.32291,"residential",,
1758,905,33.32291,"residential",,
1757,1756,13.092589,"residential",,
1756,1757,13.092589,"residential",,
1756,147,82.588258,"residential",,
147,1756,82.588258,"residential",,
103,63,28.084363,"residential",,
63,103,28.084363,"residential",,
1751,988,3.109813,"residential",,
988,1751,3.109813,"residential",,
1753,961,41.860723,"service",,
961,1753,41.860723,"service",,
839,169,51.884517,"residential",,
169,839,51.884517,"residential",,
1752,673,42.126519,"residential",,
673,1752,42.126519,"residential",,
976,1749,45.876133,"unclassified",,
1749,976,45.876133,"unclassified",,
1748,977,57.019547,"unclassified",,
977,1748,57.019547,"unclassified",,
1693,275,6.606415,"tertiary",,
275,1693,6.606415,"tertiary",,
259,1746,49.983187,"tertiary",,
1746,259,49.983187,"tertiary",,
1746,451,58.988731,"tertiary",,
451,1746,58.988731,"tertiary",,
451,452,82.810032,"tertiary",,
452,451,82.810032,"tertiary",,
452,1743,4.993019,"tertiary",,
1743,452,4.993019,"tertiary",,
517,1742,28.049552,"primary",,
558,517,57.81581,"primary",,
519,558,50.62688,"primary",,
547,519,58.95848099999999,"primary",,
1181,547,77.96898300000001,"primary",,
606,607,69.158083,"primary",,
608,606,11.939003,"primary",,
390,608,51.118613999999994,"primary",,
917,390,12.702553,"primary",,
184,917,111.955318,"primary",,
179,184,115.5032,"primary",,
329,179,35.782611,"primary",,
327,329,75.592244,"primary",,
1567,327,43.900456,"primary",,
275,1567,22.410275,"primary",,
1724,339,102.25820999999999,"service",,
339,1724,102.25820999999999,"service",,
1729,1725,145.64541400000002,"service",,
1725,1729,145.64541400000002,"service",,
1726,1725,51.415039,"service",,
1725,1726,51.415039,"service",,
1725,1724,54.529673,"service",,
1724,1725,54.529673,"service",,
1724,336,106.320831,"service",,
336,1724,106.320831,"service",,
672,146,147.509235,"residential",,
146,672,147.509235,"residential",,
1566,1693,25.131429,"primary",,
178,1566,154.376912,"primary",,
183,178,114.805253,"primary",,
1717,183,37.535769,"primary",,
918,1717,70.62106,"primary",,
389,918,17.291069,"primary",,
1652,389,63.797082,"primary",,
157,1652,48.201612,"primary",,
1565,157,75.781478,"primary",,
1237,1565,49.254698000000005,"primary",,
1131,1237,122.604292,"primary",,
1635,1131,40.567628,"primary",,
1707,1635,113.811943,"primary",,
1635,1631,147.41215100000002,"service",,
315,277,71.26261099999999,"primary",,
317,315,21.52114,"primary",,
320,317,28.424277,"primary",,
728,320,54.905774,"primary",,
322,728,42.362377,"primary",,
943,322,39.725938,"primary",,
1703,943,18.347497,"primary",,
943,942,7.760202,"residential",,
942,943,7.760202,"residential",,
322,321,16.898087,"residential",,
768,1468,57.110249,"primary",,
792,768,63.935954,"primary",,
1610,792,234.75924400000002,"primary",,
1252,1610,5.437819,"primary",,
1277,1252,11.51163,"primary",,
1278,1277,22.4752,"primary",,
1250,1278,75.709626,"primary",,
1693,1250,22.362375999999998,"primary",,
1278,1245,64.311682,"service",,
1277,1244,79.222622,"service",,
1244,1277,79.222622,"service",,
1271,1244,29.449272,"service",,
1250,1247,46.461462,"unclassified",,
1247,1250,46.461462,"unclassified",,
1249,1247,22.641182999999998,"unclassified",,
1247,1245,66.931965,"unclassified",,
1245,1244,34.26819,"unclassified",,
1247,1249,22.641182999999998,"unclassified",,
1245,1247,66.931965,"unclassified",,
1244,1245,34.26819,"unclassified",,
1244,1271,29.449272,"service",,
1245,1278,64.311682,"service",,
483,1251,218.49785000000003,"primary",,
503,483,28.33283,"primary",,
491,503,31.143945,"primary",,
504,491,16.889503,"primary",,
1493,504,70.554317,"primary",,
277,1493,8.750475999999999,"primary",,
1685,936,4.010194,"footway",,
936,1685,4.010194,"footway",,
936,579,14.242029,"footway",,
579,936,14.242029,"footway",,
579,586,92.513112,"footway",,
586,579,92.513112,"footway",,
1681,586,92.137955,"footway",,
1680,1255,43.830269,"service",,
1255,1680,43.830269,"service",,
1678,296,33.77453,"unclassified",,
296,1678,33.77453,"unclassified",,
910,90,30.307187,"residential",,
90,910,30.307187,"residential",,
1664,793,49.708187,"footway",,
793,1664,49.708187,"footway",,
1660,704,42.786291,"residential",,
1657,1558,47.894985,"service",,
1558,1657,47.894985,"service",,
595,476,39.97537,"residential",,
476,595,39.97537,"residential",,
1651,1627,23.649591,"footway",,
1627,1651,23.649591,"footway",,
1627,1095,91.310395,"footway",,
1095,1627,91.310395,"footway",,
1644,1233,53.55110499999999,"service",,
1233,1644,53.55110499999999,"service",,
1628,1222,12.33245,"residential",,
1627,1628,14.711083,"service",,
1633,962,39.177297,"service",,
962,1633,39.177297,"service",,
1632,959,35.644516,"service",,
959,1632,35.644516,"service",,
1629,1023,37.606552,"residential",,
1023,1629,37.606552,"residential",,
960,1626,43.277521,"service",,
1626,960,43.277521,"service",,
436,562,41.7414,"residential",,
562,436,41.7414,"residential",,
1623,555,23.718805,"residential",,
555,1623,23.718805,"residential",,
1618,932,52.447851,"residential",,
1617,931,90.067465,"residential",,
931,1617,90.067465,"residential",,
435,1542,10.429955,"residential",,
1542,435,10.429955,"residential",,
1542,592,47.777623,"residential",,
592,1542,47.777623,"residential",,
592,470,44.337731,"residential",,
470,592,44.337731,"residential",,
1612,1611,48.065375,"path",,
1611,1612,48.065375,"path",,
1232,1612,36.221783,"residential",,
1612,1232,36.221783,"residential",,
1611,1126,44.366929,"residential",,
1126,1611,44.366929,"residential",,
847,670,75.404793,"service",,
670,847,75.404793,"service",,
1607,1066,74.158995,"service",,
1066,1607,74.158995,"service",,
1579,1040,30.590027,"unclassified",,
1040,1579,30.590027,"unclassified",,
1580,1598,35.509043,"unclassified",,
1598,1580,35.509043,"unclassified",,
1598,1603,18.405781,"unclassified",,
1603,1598,18.405781,"unclassified",,
622,1036,79.379777,"service",,
1036,622,79.379777,"service",,
863,903,71.679703,"service",,
903,863,71.679703,"service",,
1598,627,55.021605,"unclassified",,
627,1598,55.021605,"unclassified",,
142,680,129.150522,"unclassified",,
680,142,129.150522,"unclassified",,
1103,1047,60.467988,"service",,
1047,1103,60.467988,"service",,
908,84,32.993695,"tertiary",,
84,908,32.993695,"tertiary",,
84,1594,1.373906,"tertiary",,
1594,84,1.373906,"tertiary",,
1593,1591,5.119815,"service",,
1591,1593,5.119815,"service",,
1591,1592,6.322386,"service",,
1592,1591,6.322386,"service",,
1109,1591,40.055204,"service",,
1591,1109,40.055204,"service",,
1590,1149,34.932476,"service",,
1149,1590,34.932476,"service",,
1589,1147,32.519088,"service",,
1147,1589,32.519088,"service",,
1588,1145,32.123306,"service",,
1145,1588,32.123306,"service",,
1587,1144,43.082541,"service",,
1144,1587,43.082541,"service",,
1586,1141,41.690698,"service",,
1141,1586,41.690698,"service",,
1585,1143,42.567808,"service",,
1143,1585,42.567808,"service",,
1584,1140,33.230159,"service",,
1140,1584,33.230159,"service",,
268,213,54.05511,"residential",,
213,268,54.05511,"residential",,
138,1003,41.469296,"residential",,
1003,138,41.469296,"residential",,
1003,1078,13.847477,"residential",,
1078,1003,13.847477,"residential",,
1078,991,36.649891,"residential",,
991,1078,36.649891,"residential",,
991,945,12.886446,"residential",,
945,991,12.886446,"residential",,
945,1091,29.803521,"residential",,
1091,945,29.803521,"residential",,
1091,1581,34.121721,"residential",,
1581,1091,34.121721,"residential",,
1581,1018,26.126646,"residential",,
1018,1581,26.126646,"residential",,
1018,628,47.580923,"residential",,
628,1018,47.580923,"residential",,
628,1057,20.50258,"residential",,
1057,628,20.50258,"residential",,
1057,1580,35.959083,"residential",,
1580,1057,35.959083,"residential",,
1580,1042,52.188777,"residential",,
1042,1580,52.188777,"residential",,
1042,1021,74.261048,"residential",,
1021,1042,74.261048,"residential",,
1021,1579,65.477728,"residential",,
1579,1021,65.477728,"residential",,
1577,1579,66.887824,"residential",,
573,1576,70.154367,"unclassified",,
1576,573,70.154367,"unclassified",,
410,1541,11.031749,"unclassified",,
1541,410,11.031749,"unclassified",,
1216,1541,38.456978,"unclassified",,
1574,484,57.590529,"residential",,
484,1574,57.590529,"residential",,
484,511,70.36346499999999,"residential",,
511,484,70.36346499999999,"residential",,
511,500,82.849032,"residential",,
500,511,82.849032,"residential",,
1567,1566,6.635029,"tertiary",,
1566,1567,6.635029,"tertiary",,
1566,828,65.994933,"tertiary",,
828,1566,65.994933,"tertiary",,
828,708,62.501771,"tertiary",,
708,828,62.501771,"tertiary",,
708,851,66.968411,"tertiary",,
851,708,66.968411,"tertiary",,
851,1084,45.145292,"tertiary",,
1084,851,45.145292,"tertiary",,
1084,984,52.152818,"tertiary",,
984,1084,52.152818,"tertiary",,
984,138,10.916853,"tertiary",,
138,984,10.916853,"tertiary",,
1565,159,36.403376,"unclassified",,
159,1565,36.403376,"unclassified",,
159,1064,72.29389599999999,"unclassified",,
1064,159,72.29389599999999,"unclassified",,
1064,1558,44.058769999999996,"unclassified",,
1558,1064,44.058769999999996,"unclassified",,
1558,1100,55.569405,"unclassified",,
1100,1558,55.569405,"unclassified",,
1100,1220,33.301062,"unclassified",,
1220,1100,33.301062,"unclassified",,
1220,1029,144.115,"unclassified",,
1029,1220,144.115,"unclassified",,
1029,1138,61.63703099999999,"unclassified",,
1138,1029,61.63703099999999,"unclassified",,
1138,1229,24.171461,"unclassified",,
1229,1138,24.171461,"unclassified",,
611,1072,133.801755,"unclassified",,
1072,611,133.801755,"unclassified",,
1542,1543,10.533987,"tertiary",,
576,1542,52.694859,"tertiary",,
545,576,44.909697,"tertiary",,
1541,545,80.393839,"tertiary",,
1195,1541,82.330554,"tertiary",,
1210,1195,11.671476,"tertiary",,
373,1210,99.334269,"tertiary",,
173,373,54.599539,"tertiary",,
422,173,39.929753,"tertiary",,
929,841,114.736157,"tertiary",,
259,929,52.294708,"tertiary",,
1251,275,129.36451799999998,"primary",,
1523,339,59.23116399999999,"residential",,
1520,1523,34.885247,"residential",,
1519,1520,5.553504,"residential",,
1251,1519,92.047002,"residential",,
1494,1498,38.310168000000004,"unclassified",,
269,1503,95.114042,"residential",,
338,1494,3.100984,"unclassified",,
1498,338,14.513490000000001,"unclassified",,
934,932,36.86727,"unclassified",,
932,934,36.86727,"unclassified",,
932,931,3.269478,"unclassified",,
931,932,3.269478,"unclassified",,
931,335,43.203721,"unclassified",,
335,931,43.203721,"unclassified",,
335,343,63.887806,"unclassified",,
338,336,33.840016,"tertiary",,
336,335,44.235744,"tertiary",,
343,335,63.887806,"unclassified",,
336,338,33.840016,"tertiary",,
335,336,44.235744,"tertiary",,
1494,259,136.57388200000003,"tertiary",,
1493,1468,9.00481,"tertiary",,
492,1493,14.378662,"tertiary",,
24,512,30.459801,"residential",,
512,24,30.459801,"residential",,
513,512,16.096635,"residential",,
512,513,16.096635,"residential",,
512,495,40.036065,"residential",,
495,512,40.036065,"residential",,
511,501,42.998571,"residential",,
501,511,42.998571,"residential",,
501,504,114.52340699999999,"residential",,
500,501,28.105243,"residential",,
495,500,85.06401000000001,"residential",,
492,495,55.548035,"residential",,
504,501,114.52340699999999,"residential",,
501,500,28.105243,"residential",,
500,495,85.06401000000001,"residential",,
495,492,55.548035,"residential",,
27,24,12.729980000000001,"tertiary",,
24,492,62.977554999999995,"tertiary",,
24,27,12.729980000000001,"tertiary",,
1491,24,54.122314,"tertiary",,
284,1490,4.659672,"tertiary",,
287,284,23.951228,"tertiary",,
277,287,37.495633,"tertiary",,
587,1488,149.42110399999999,"primary",,
577,587,102.10021600000002,"primary",,
1479,577,65.480185,"primary",,
1477,1479,68.237177,"primary",,
738,1476,24.440717999999997,"primary",,
727,738,89.29104,"primary",,
765,727,73.81593699999999,"primary",,
773,765,42.431754,"primary",,
781,773,35.793776,"primary",,
276,781,22.384436,"primary",,
1468,276,8.966538,"primary",,
276,277,8.735352,"tertiary",,
201,1467,12.082968,"footway",,
1467,201,12.082968,"footway",,
1467,1465,46.493083999999996,"footway",,
1465,1467,46.493083999999996,"footway",,
1465,1464,32.129378,"footway",,
1464,1465,32.129378,"footway",,
1464,1425,19.034707,"footway",,
1425,1464,19.034707,"footway",,
1425,1461,65.163297,"footway",,
1461,1425,65.163297,"footway",,
1461,657,98.943242,"footway",,
657,1461,98.943242,"footway",,
1431,1452,4.485273,"footway",,
1452,1431,4.485273,"footway",,
1452,1444,46.342324,"footway",,
1444,1452,46.342324,"footway",,
1444,1443,7.96163,"footway",,
1443,1444,7.96163,"footway",,
1443,1440,24.960293999999998,"footway",,
1440,1443,24.960293999999998,"footway",,
1440,1436,28.190764,"footway",,
1436,1440,28.190764,"footway",,
1436,1431,47.423144,"footway",,
1431,1436,47.423144,"footway",,
1431,1431,0.0,"footway",,
1431,1431,0.0,"footway",,
1431,1408,13.97776,"footway",,
1408,1431,13.97776,"footway",,
1427,1408,30.263347,"footway",,
1425,656,24.717106,"footway",,
1424,1421,22.956664,"footway",,
1421,1424,22.956664,"footway",,
1421,1417,65.624578,"footway",,
1417,1421,65.624578,"footway",,
1417,1414,49.816502,"footway",,
1414,1417,49.816502,"footway",,
1414,236,67.790419,"footway",,
236,1414,67.790419,"footway",,
1301,1408,35.489938,"footway",,
1408,1301,35.489938,"footway",,
1408,1399,49.518883,"footway",,
1399,1408,49.518883,"footway",,
1399,1393,51.56695500000001,"footway",,
1393,1399,51.56695500000001,"footway",,
1393,1392,16.400331,"footway",,
1392,1393,16.400331,"footway",,
1392,815,35.106402,"footway",,
815,1392,35.106402,"footway",,
1389,1334,37.412122,"service",,
1334,1389,37.412122,"service",,
813,1336,115.283184,"service",,
1336,813,115.283184,"service",,
1386,882,25.681716,"footway",,
882,1386,25.681716,"footway",,
882,806,50.034179,"footway",,
806,882,50.034179,"footway",,
1383,1313,27.100758,"footway",,
1313,1383,27.100758,"footway",,
1382,822,31.600796,"service",,
822,1382,31.600796,"service",,
1298,1330,28.322544999999998,"service",,
1330,1298,28.322544999999998,"service",,
1330,1329,51.823273,"service",,
1329,1330,51.823273,"service",,
1329,1374,11.798809,"service",,
1374,1329,11.798809,"service",,
1374,73,188.42651,"service",,
73,1374,188.42651,"service",,
75,1343,33.895828,"service",,
1343,75,33.895828,"service",,
1343,1352,39.862706,"service",,
1352,1343,39.862706,"service",,
1352,72,36.506037,"service",,
72,1352,36.506037,"service",,
811,1318,46.240099,"footway",,
1318,811,46.240099,"footway",,
802,803,77.798624,"service",,
803,802,77.798624,"service",,
801,1336,69.88868,"service",,
1336,801,69.88868,"service",,
1336,1334,28.52953,"service",,
1334,1336,28.52953,"service",,
1334,808,27.376135,"service",,
808,1334,27.376135,"service",,
1329,1323,79.30354200000001,"footway",,
1323,1329,79.30354200000001,"footway",,
1323,1318,40.012985,"footway",,
1318,1323,40.012985,"footway",,
1318,1316,38.677191,"footway",,
1316,1318,38.677191,"footway",,
1316,1315,5.354447,"footway",,
1315,1316,5.354447,"footway",,
1315,1313,90.39863299999999,"footway",,
1313,1315,90.39863299999999,"footway",,
1313,879,44.014783,"footway",,
879,1313,44.014783,"footway",,
1312,1294,90.268621,"unclassified",,
1294,1312,90.268621,"unclassified",,
252,1301,116.838061,"unclassified",,
1301,252,116.838061,"unclassified",,
1308,1291,51.466722,"unclassified",,
1291,1308,51.466722,"unclassified",,
251,1290,39.520905,"unclassified",,
1290,251,39.520905,"unclassified",,
1290,1301,156.418702,"unclassified",,
1301,1290,156.418702,"unclassified",,
1301,1298,47.354951,"unclassified",,
1298,1301,47.354951,"unclassified",,
1298,1294,69.343069,"unclassified",,
1294,1298,69.343069,"unclassified",,
1294,258,81.295995,"unclassified",,
258,1294,81.295995,"unclassified",,
921,1288,4.378311,"primary",,
472,921,71.226553,"primary",,
382,472,48.239704,"primary",,
1173,382,46.1792,"primary",,
1204,1173,7.865002,"primary",,
588,1204,110.580724,"primary",,
572,588,60.512193,"primary",,
1159,572,53.64624,"primary",,
1281,1159,40.865686,"primary",,
1270,742,5.786029,"secondary",,
742,1270,5.786029,"secondary",,
742,304,19.049917,"secondary",,
304,742,19.049917,"secondary",,
304,1268,36.644276000000005,"secondary",,
1268,282,123.908076,"secondary",,
282,304,160.55235199999998,"secondary",,
282,788,7.832928,"secondary",,
788,282,7.832928,"secondary",,
788,763,19.194513,"secondary",,
763,788,19.194513,"secondary",,
763,791,34.690166,"secondary",,
791,763,34.690166,"secondary",,
791,161,87.974054,"secondary",,
161,791,87.974054,"secondary",,
161,747,2.950024,"secondary",,
747,161,2.950024,"secondary",,
747,760,110.01996199999999,"secondary",,
760,747,110.01996199999999,"secondary",,
760,707,39.719217,"secondary",,
707,760,39.719217,"secondary",,
707,235,119.01299399999999,"secondary",,
235,707,119.01299399999999,"secondary",,
235,702,40.435097999999996,"secondary",,
702,235,40.435097999999996,"secondary",,
1255,702,134.633209,"secondary",,
1252,1255,64.223311,"secondary",,
1251,1252,7.354653,"secondary",,
307,1243,25.737489,"living_street",,
1243,307,25.737489,"living_street",,
1242,783,11.004056,"residential",,
783,1242,11.004056,"residential",,
1239,297,28.801848999999997,"residential",,
298,1238,27.783649,"living_street",,
1238,298,27.783649,"living_street",,
705,779,134.11147,"residential",,
779,705,134.11147,"residential",,
779,753,25.069916,"residential",,
753,779,25.069916,"residential",,
753,743,6.21871,"residential",,
743,753,6.21871,"residential",,
743,789,50.265682000000005,"residential",,
789,743,50.265682000000005,"residential",,
793,789,22.730874999999997,"residential",,
792,793,46.486076,"residential",,
789,771,63.933274,"residential",,
771,789,63.933274,"residential",,
772,771,6.402762,"residential",,
771,768,33.83558,"residential",,
771,772,6.402762,"residential",,
768,771,33.83558,"residential",,
789,793,22.730874999999997,"residential",,
793,792,46.486076,"residential",,
743,744,29.751997,"residential",,
744,743,29.751997,"residential",,
753,754,40.615008,"residential",,
754,753,40.615008,"residential",,
791,162,79.392498,"residential",,
162,791,79.392498,"residential",,
162,733,25.05613,"residential",,
733,162,25.05613,"residential",,
790,734,43.307032,"residential",,
734,790,43.307032,"residential",,
781,779,121.923039,"residential",,
779,781,121.923039,"residential",,
779,755,28.672373,"residential",,
755,779,28.672373,"residential",,
773,755,121.617295,"residential",,
765,745,55.242909,"residential",,
745,765,55.242909,"residential",,
745,739,12.281822,"residential",,
739,745,12.281822,"residential",,
739,721,20.776777,"residential",,
721,739,20.776777,"residential",,
721,756,26.517326,"residential",,
756,721,26.517326,"residential",,
760,756,130.23611,"residential",,
756,755,26.465909,"residential",,
756,760,130.23611,"residential",,
755,756,26.465909,"residential",,
738,734,91.99168,"residential",,
734,738,91.99168,"residential",,
734,733,35.697697,"residential",,
733,734,35.697697,"residential",,
733,724,104.561983,"residential",,
724,733,104.561983,"residential",,
729,728,25.949355,"residential",,
728,727,5.196407,"residential",,
727,724,98.922815,"residential",,
724,721,60.95193700000001,"residential",,
728,729,25.949355,"residential",,
727,728,5.196407,"residential",,
724,727,98.922815,"residential",,
721,724,60.95193700000001,"residential",,
739,740,26.388478,"residential",,
740,739,26.388478,"residential",,
745,746,36.900442,"residential",,
746,745,36.900442,"residential",,
755,773,121.617295,"residential",,
785,783,20.571585,"residential",,
783,785,20.571585,"residential",,
783,762,17.1238,"residential",,
762,783,17.1238,"residential",,
762,162,40.575194,"residential",,
162,762,40.575194,"residential",,
767,310,59.297408,"residential",,
310,767,59.297408,"residential",,
761,301,51.308731,"residential",,
301,761,51.308731,"residential",,
752,297,48.319106,"residential",,
297,752,48.319106,"residential",,
742,306,57.483301999999995,"residential",,
306,742,57.483301999999995,"residential",,
313,290,41.060124,"unclassified",,
290,313,41.060124,"unclassified",,
310,290,62.470833999999996,"unclassified",,
307,310,72.256601,"unclassified",,
306,307,9.05153,"unclassified",,
304,306,37.52144,"unclassified",,
298,301,71.110186,"unclassified",,
297,298,22.304409,"unclassified",,
293,297,29.714776,"unclassified",,
296,293,55.247102,"unclassified",,
295,162,172.71838300000002,"unclassified",,
162,161,105.102604,"unclassified",,
162,296,133.687143,"unclassified",,
161,162,105.102604,"unclassified",,
294,291,60.051926,"residential",,
291,294,60.051926,"residential",,
293,291,98.995394,"residential",,
291,293,98.995394,"residential",,
291,286,5.231851,"residential",,
286,291,5.231851,"residential",,
286,290,37.691749,"residential",,
285,286,21.583956,"residential",,
290,286,37.691749,"residential",,
286,285,21.583956,"residential",,
301,282,108.016607,"unclassified",,
290,310,62.470833999999996,"unclassified",,
310,307,72.256601,"unclassified",,
307,306,9.05153,"unclassified",,
306,304,37.52144,"unclassified",,
762,763,86.60797,"residential",,
763,762,86.60797,"residential",,
707,705,43.083524,"unclassified",,
705,704,59.394976,"unclassified",,
704,702,86.490561,"unclassified",,
705,707,43.083524,"unclassified",,
704,705,59.394976,"unclassified",,
702,704,86.490561,"unclassified",,
297,1239,28.801848999999997,"residential",,
702,1255,134.633209,"secondary",,
1255,1252,64.223311,"secondary",,
1252,1251,7.354653,"secondary",,
607,1237,117.887047,"primary",,
1237,160,23.388693,"primary",,
160,1237,23.388693,"primary",,
160,964,54.834113,"primary",,
964,160,54.834113,"primary",,
964,1099,96.36261,"primary",,
1099,964,96.36261,"primary",,
1099,1233,9.566457,"primary",,
1233,1099,9.566457,"primary",,
1233,1232,46.34507,"primary",,
1232,1233,46.34507,"primary",,
1232,1033,140.12641299999999,"primary",,
1033,1232,140.12641299999999,"primary",,
1033,1229,36.828464,"primary",,
1229,1033,36.828464,"primary",,
1229,1136,77.92288500000001,"primary",,
1136,1229,77.92288500000001,"primary",,
1136,1227,35.526831,"primary",,
1138,1136,74.96323,"unclassified",,
1227,1136,35.526831,"primary",,
1136,1138,74.96323,"unclassified",,
1105,1045,51.982569999999996,"residential",,
1045,1105,51.982569999999996,"residential",,
1222,1096,102.854546,"unclassified",,
1221,1222,29.627411,"unclassified",,
1220,1102,29.910504,"residential",,
1102,1220,29.910504,"residential",,
1193,409,67.787299,"residential",,
409,1193,67.787299,"residential",,
1192,408,54.458952,"residential",,
408,1192,54.458952,"residential",,
1191,407,42.723191,"residential",,
407,1191,42.723191,"residential",,
548,1184,66.170648,"residential",,
1184,548,66.170648,"residential",,
1186,549,63.685088,"residential",,
549,1186,63.685088,"residential",,
1216,1197,83.78074,"residential",,
460,1173,42.064278,"primary",,
459,460,40.451059,"primary",,
431,459,60.182214,"primary",,
538,431,49.335063999999996,"primary",,
1210,538,42.940557999999996,"primary",,
441,1210,12.200007,"primary",,
400,441,41.004024,"primary",,
416,400,36.574076,"primary",,
351,416,70.663681,"primary",,
383,351,42.855757,"primary",,
602,383,47.507268,"primary",,
1237,602,65.926368,"primary",,
1204,577,15.559972,"primary",,
481,1204,40.985442,"primary",,
461,481,34.229585,"primary",,
1166,461,33.690171,"primary",,
1197,1166,81.29733300000001,"primary",,
1195,1197,44.446435,"primary",,
440,1195,11.755016,"primary",,
1193,440,40.366791,"primary",,
1192,1193,36.718421,"primary",,
1191,1192,34.018834,"primary",,
350,1191,36.988783,"primary",,
1186,350,80.83779,"primary",,
1184,1186,26.402703000000002,"primary",,
1181,1184,39.535095,"primary",,
1177,577,31.703753999999996,"motorway_link","yes",
1173,577,17.71861,"primary",,
884,119,33.298965,"footway",,
119,884,33.298965,"footway",,
119,1171,7.187887,"footway",,
1171,119,7.187887,"footway",,
1171,1172,10.682435,"footway",,
1172,1171,10.682435,"footway",,
109,1172,42.606437,"footway",,
1172,109,42.606437,"footway",,
1172,116,14.447398,"footway",,
116,1172,14.447398,"footway",,
116,888,15.065532,"footway",,
888,116,15.065532,"footway",,
128,127,34.172629,"residential",,
127,128,34.172629,"residential",,
127,120,42.25023,"residential",,
120,127,42.25023,"residential",,
1171,115,14.185884,"footway",,
115,1171,14.185884,"footway",,
1170,126,53.093531999999996,"residential",,
126,1170,53.093531999999996,"residential",,
1162,1168,31.995485,"unclassified",,
1157,1162,31.508499,"unclassified",,
1166,1157,38.281444,"unclassified",,
478,465,53.6836,"unclassified",,
465,478,53.6836,"unclassified",,
465,1162,32.380486,"unclassified",,
1162,465,32.380486,"unclassified",,
474,1155,28.744988,"unclassified",,
1155,474,28.744988,"unclassified",,
1155,1159,40.073908,"unclassified",,
1156,1155,25.221391,"unclassified",,
1159,1155,40.073908,"unclassified",,
1155,1156,25.221391,"unclassified",,
1157,1165,70.875193,"unclassified",,
1157,464,31.984752,"unclassified",,
464,1157,31.984752,"unclassified",,
1154,43,28.342209000000004,"residential",,
43,1154,28.342209000000004,"residential",,
463,479,45.26529,"unclassified",,
479,463,45.26529,"unclassified",,
1127,1080,35.815121,"unclassified",,
1080,1127,35.815121,"unclassified",,
1080,1117,21.686601,"unclassified",,
1117,1080,21.686601,"unclassified",,
1117,1149,5.236894,"unclassified",,
1149,1117,5.236894,"unclassified",,
1149,1147,22.340392,"unclassified",,
1147,1149,22.340392,"unclassified",,
1147,1145,17.465459,"unclassified",,
1145,1147,17.465459,"unclassified",,
1145,967,8.070819,"unclassified",,
967,1145,8.070819,"unclassified",,
967,1144,12.434322,"unclassified",,
1144,967,12.434322,"unclassified",,
1143,1144,10.867046,"unclassified",,
1141,1143,19.391515,"unclassified",,
1140,1141,22.189871,"unclassified",,
1139,1140,11.980485,"unclassified",,
1135,970,150.99338799999998,"unclassified",,
970,1135,150.99338799999998,"unclassified",,
970,953,53.746667,"unclassified",,
953,970,53.746667,"unclassified",,
1131,958,86.425654,"unclassified",,
958,1131,86.425654,"unclassified",,
958,1093,48.354853000000006,"unclassified",,
1093,958,48.354853000000006,"unclassified",,
1093,1123,32.293799,"unclassified",,
1123,1093,32.293799,"unclassified",,
1123,1127,45.898741,"unclassified",,
1127,1123,45.898741,"unclassified",,
1127,1126,46.19772,"unclassified",,
1126,1127,46.19772,"unclassified",,
1126,1116,61.074516,"unclassified",,
1116,1126,61.074516,"unclassified",,
1116,1125,68.99319,"unclassified",,
1125,1116,68.99319,"unclassified",,
1125,987,46.115119,"unclassified",,
987,1125,46.115119,"unclassified",,
1116,1114,47.253919999999994,"unclassified",,
1114,1116,47.253919999999994,"unclassified",,
1114,1113,2.673484,"unclassified",,
1113,1114,2.673484,"unclassified",,
1113,1112,19.179637,"unclassified",,
1112,1113,19.179637,"unclassified",,
1112,1111,2.162251,"unclassified",,
1111,1112,2.162251,"unclassified",,
1111,1110,10.941232,"unclassified",,
1110,1111,10.941232,"unclassified",,
1110,1085,9.281888,"unclassified",,
1085,1110,9.281888,"unclassified",,
1085,965,15.083862,"unclassified",,
965,1085,15.083862,"unclassified",,
965,1089,9.121813,"unclassified",,
1089,965,9.121813,"unclassified",,
1089,1109,25.65497,"unclassified",,
1109,1089,25.65497,"unclassified",,
1109,150,10.178106,"unclassified",,
150,1109,10.178106,"unclassified",,
1107,150,50.784501000000006,"unclassified",,
1087,979,57.324952,"unclassified",,
979,1087,57.324952,"unclassified",,
1089,1087,68.029443,"unclassified",,
1087,1085,80.43955100000001,"unclassified",,
1087,1089,68.029443,"unclassified",,
1085,1087,80.43955100000001,"unclassified",,
990,974,35.168163,"unclassified",,
974,990,35.168163,"unclassified",,
974,988,58.73397799999999,"unclassified",,
988,974,58.73397799999999,"unclassified",,
988,987,54.244487,"unclassified",,
987,988,54.244487,"unclassified",,
987,986,21.182008,"unclassified",,
986,987,21.182008,"unclassified",,
986,975,47.045496,"unclassified",,
975,986,47.045496,"unclassified",,
980,152,53.413516,"unclassified",,
152,980,53.413516,"unclassified",,
152,979,50.18572,"unclassified",,
979,152,50.18572,"unclassified",,
978,979,15.649784,"unclassified",,
977,978,45.31734,"unclassified",,
976,977,5.280866,"unclassified",,
975,976,20.915675,"unclassified",,
974,975,71.748222,"unclassified",,
153,152,51.008848,"unclassified",,
152,150,98.295675,"unclassified",,
152,153,51.008848,"unclassified",,
150,152,98.295675,"unclassified",,
979,978,15.649784,"unclassified",,
978,977,45.31734,"unclassified",,
977,976,5.280866,"unclassified",,
976,975,20.915675,"unclassified",,
975,974,71.748222,"unclassified",,
150,1107,50.784501000000006,"unclassified",,
965,967,96.894072,"unclassified",,
967,965,96.894072,"unclassified",,
1123,1124,81.569008,"residential",,
1124,1123,81.569008,"residential",,
1077,1097,46.427569,"unclassified",,
1097,1077,46.427569,"unclassified",,
1097,1122,2.867749,"unclassified",,
1122,1097,2.867749,"unclassified",,
1098,1097,0.303477,"unclassified",,
1097,1098,0.303477,"unclassified",,
1097,1096,34.50143,"unclassified",,
1096,1097,34.50143,"unclassified",,
1096,956,13.03698,"unclassified",,
956,1096,13.03698,"unclassified",,
956,1095,21.740205,"unclassified",,
1095,1093,89.211393,"unclassified",,
1076,1077,7.225742,"unclassified",,
1077,956,94.936121,"unclassified",,
1095,956,21.740205,"unclassified",,
1093,1095,89.211393,"unclassified",,
1077,1076,7.225742,"unclassified",,
956,1077,94.936121,"unclassified",,
919,1073,103.973802,"unclassified",,
1073,919,103.973802,"unclassified",,
1105,1028,53.140619,"unclassified",,
1103,1105,72.806017,"unclassified",,
1102,1103,16.489369,"unclassified",,
1100,1102,63.892302,"unclassified",,
1099,1100,25.627938,"unclassified",,
1091,994,144.765905,"unclassified",,
1090,1075,69.526235,"service",,
1075,1090,69.526235,"service",,
1084,947,23.884212,"unclassified",,
947,1084,23.884212,"unclassified",,
947,1001,58.559581,"unclassified",,
1001,947,58.559581,"unclassified",,
1001,1000,84.313657,"unclassified",,
1000,1001,84.313657,"unclassified",,
1043,1024,75.339771,"unclassified",,
1024,1043,75.339771,"unclassified",,
838,1075,103.922658,"unclassified",,
1075,838,103.922658,"unclassified",,
1075,916,8.909934,"unclassified",,
916,1075,8.909934,"unclassified",,
916,1073,73.816931,"unclassified",,
1073,916,73.816931,"unclassified",,
1073,1009,26.219415,"unclassified",,
1009,1073,26.219415,"unclassified",,
1009,1072,35.921345,"unclassified",,
1072,1009,35.921345,"unclassified",,
1072,1070,29.186528,"unclassified",,
1070,1072,29.186528,"unclassified",,
1070,1068,34.005517,"unclassified",,
1068,1070,34.005517,"unclassified",,
1068,1067,22.442659,"unclassified",,
1067,1068,22.442659,"unclassified",,
1067,614,21.636347,"unclassified",,
614,1067,21.636347,"unclassified",,
614,619,12.952581,"unclassified",,
619,614,12.952581,"unclassified",,
619,1066,45.387208,"unclassified",,
1066,619,45.387208,"unclassified",,
1064,1066,52.318569999999994,"unclassified",,
964,1064,44.550175,"unclassified",,
962,964,67.103481,"unclassified",,
961,962,29.595618,"unclassified",,
960,961,12.343464,"unclassified",,
959,960,6.013261,"unclassified",,
958,959,31.325444,"unclassified",,
952,983,68.93519599999999,"unclassified",,
983,952,68.93519599999999,"unclassified",,
983,1057,31.919484,"unclassified",,
1038,1040,44.847884,"unclassified",,
982,983,23.282822,"unclassified",,
1040,982,207.44146999999998,"unclassified",,
1057,983,31.919484,"unclassified",,
1040,1038,44.847884,"unclassified",,
983,982,23.282822,"unclassified",,
982,1040,207.44146999999998,"unclassified",,
620,1047,142.117016,"unclassified",,
1047,620,142.117016,"unclassified",,
1047,1045,26.228177000000002,"unclassified",,
1045,1047,26.228177000000002,"unclassified",,
1045,1035,19.535509,"unclassified",,
1035,1045,19.535509,"unclassified",,
1043,1035,82.372248,"unclassified",,
1042,1043,45.054114,"unclassified",,
1015,624,46.549481,"unclassified",,
624,1015,46.549481,"unclassified",,
624,1037,37.413707,"unclassified",,
1037,624,37.413707,"unclassified",,
1036,1037,12.560078,"unclassified",,
1035,1036,59.839357,"unclassified",,
954,1018,63.391037,"unclassified",,
1018,954,63.391037,"unclassified",,
1018,1017,73.187116,"unclassified",,
1017,1018,73.187116,"unclassified",,
1017,1008,27.617002,"unclassified",,
1008,1017,27.617002,"unclassified",,
1008,1016,6.423606,"unclassified",,
1016,1008,6.423606,"unclassified",,
1016,1015,19.757181,"unclassified",,
1015,1016,19.757181,"unclassified",,
1015,623,69.96889,"unclassified",,
623,1015,69.96889,"unclassified",,
1008,625,47.09857,"unclassified",,
625,1008,47.09857,"unclassified",,
628,627,34.884314,"unclassified",,
627,626,43.723787,"unclassified",,
626,625,20.329037,"unclassified",,
625,624,27.068732,"unclassified",,
624,623,25.112112,"unclassified",,
623,622,17.195735,"unclassified",,
622,620,44.236206,"unclassified",,
620,619,41.686518,"unclassified",,
627,628,34.884314,"unclassified",,
626,627,43.723787,"unclassified",,
625,626,20.329037,"unclassified",,
624,625,27.068732,"unclassified",,
623,624,25.112112,"unclassified",,
622,623,17.195735,"unclassified",,
620,622,44.236206,"unclassified",,
619,620,41.686518,"unclassified",,
955,954,11.868749,"unclassified",,
954,953,10.552395,"unclassified",,
953,952,8.550282,"unclassified",,
952,951,47.66395,"unclassified",,
954,955,11.868749,"unclassified",,
953,954,10.552395,"unclassified",,
952,953,8.550282,"unclassified",,
951,952,47.66395,"unclassified",,
1037,1036,12.560078,"unclassified",,
1036,1035,59.839357,"unclassified",,
1035,1043,82.372248,"unclassified",,
1043,1042,45.054114,"unclassified",,
1066,1064,52.318569999999994,"unclassified",,
1064,964,44.550175,"unclassified",,
964,962,67.103481,"unclassified",,
962,961,29.595618,"unclassified",,
961,960,12.343464,"unclassified",,
960,959,6.013261,"unclassified",,
959,958,31.325444,"unclassified",,
614,611,59.819497999999996,"residential",,
611,614,59.819497999999996,"residential",,
611,158,68.044832,"residential",,
158,611,68.044832,"residential",,
160,159,44.341637,"residential",,
159,158,69.682164,"residential",,
158,157,60.131862,"residential",,
159,160,44.341637,"residential",,
158,159,69.682164,"residential",,
157,158,60.131862,"residential",,
1009,996,127.059936,"unclassified",,
1003,997,83.774471,"unclassified",,
997,1003,83.774471,"unclassified",,
1002,1001,30.791003,"unclassified",,
1001,1002,30.791003,"unclassified",,
1001,1000,35.243864,"unclassified",,
1000,1001,35.243864,"unclassified",,
1000,985,14.31471,"unclassified",,
985,1000,14.31471,"unclassified",,
997,985,53.336774,"unclassified",,
996,997,27.131962,"unclassified",,
994,996,35.131785,"unclassified",,
991,994,66.723228,"unclassified",,
985,946,57.337085,"unclassified",,
946,985,57.337085,"unclassified",,
946,984,24.539839,"unclassified",,
950,947,32.613933,"unclassified",,
947,946,51.994366,"unclassified",,
984,946,24.539839,"unclassified",,
947,950,32.613933,"unclassified",,
946,947,51.994366,"unclassified",,
985,997,53.336774,"unclassified",,
997,996,27.131962,"unclassified",,
996,994,35.131785,"unclassified",,
994,991,66.723228,"unclassified",,
996,1009,127.059936,"unclassified",,
927,924,112.173987,"residential",,
924,927,112.173987,"residential",,
263,364,45.297562,"unclassified",,
364,263,45.297562,"unclassified",,
364,348,32.830743,"unclassified",,
348,364,32.830743,"unclassified",,
348,419,26.275246,"unclassified",,
419,348,26.275246,"unclassified",,
419,217,28.283392,"unclassified",,
217,419,28.283392,"unclassified",,
217,445,40.394515,"unclassified",,
445,217,40.394515,"unclassified",,
445,929,10.233175,"unclassified",,
929,445,10.233175,"unclassified",,
927,929,37.228077,"residential",,
926,927,6.426088,"residential",,
924,841,24.865515000000002,"residential",,
571,453,30.898542,"residential",,
921,571,38.038235,"residential",,
920,921,1.55083,"residential",,
571,570,97.58865,"unclassified",,
413,359,33.427827,"residential",,
359,413,33.427827,"residential",,
916,183,58.581163000000004,"service",,
183,916,58.581163000000004,"service",,
534,407,76.901045,"unclassified",,
407,534,76.901045,"unclassified",,
841,444,12.425635,"tertiary",,
444,422,62.061299,"tertiary",,
444,218,48.604943,"tertiary",,
218,444,48.604943,"tertiary",,
218,418,28.733177,"tertiary",,
418,218,28.733177,"tertiary",,
418,839,28.70094,"tertiary",,
839,418,28.70094,"tertiary",,
839,394,29.450876,"tertiary",,
394,839,29.450876,"tertiary",,
394,411,29.703954,"tertiary",,
411,394,29.703954,"tertiary",,
411,349,32.502076,"tertiary",,
349,411,32.502076,"tertiary",,
349,185,27.710732,"tertiary",,
185,349,27.710732,"tertiary",,
838,178,7.915848,"residential",,
178,838,7.915848,"residential",,
419,362,60.661891,"residential",,
362,419,60.661891,"residential",,
362,395,4.2467,"residential",,
395,362,4.2467,"residential",,
395,332,56.157519,"residential",,
332,395,56.157519,"residential",,
332,182,46.919954000000004,"residential",,
182,332,46.919954000000004,"residential",,
608,388,45.019855,"residential",,
388,608,45.019855,"residential",,
388,358,40.12787,"residential",,
358,388,40.12787,"residential",,
386,599,31.206527,"residential",,
599,386,31.206527,"residential",,
599,607,37.918017,"residential",,
607,599,37.918017,"residential",,
353,603,14.599793,"residential",,
603,353,14.599793,"residential",,
603,385,26.829341,"residential",,
385,603,26.829341,"residential",,
385,600,41.033586,"residential",,
600,385,41.033586,"residential",,
606,598,39.267334000000005,"unclassified",,
598,606,39.267334000000005,"unclassified",,
598,387,20.115976,"unclassified",,
387,598,20.115976,"unclassified",,
357,414,36.725903,"residential",,
414,357,36.725903,"residential",,
401,603,73.885653,"residential",,
603,401,73.885653,"residential",,
597,574,70.43862,"unclassified",,
574,597,70.43862,"unclassified",,
574,595,41.102681,"unclassified",,
595,574,41.102681,"unclassified",,
477,595,75.908671,"unclassified",,
174,374,51.669436,"residential",,
374,174,51.669436,"residential",,
593,592,12.346361,"unclassified",,
592,593,12.346361,"unclassified",,
592,575,52.914724,"unclassified",,
575,592,52.914724,"unclassified",,
575,544,43.202524,"unclassified",,
544,575,43.202524,"unclassified",,
544,1216,82.571588,"unclassified",,
1163,544,92.103812,"unclassified",,
588,477,50.596804,"unclassified",,
587,588,19.318298,"unclassified",,
586,587,7.528384,"unclassified",,
579,586,121.969497,"unclassified",,
577,579,12.984809,"unclassified",,
576,575,48.651774,"unclassified",,
575,576,48.651774,"unclassified",,
575,539,19.217163,"unclassified",,
539,575,19.217163,"unclassified",,
539,468,34.581656,"unclassified",,
468,539,34.581656,"unclassified",,
468,574,34.565157,"unclassified",,
574,468,34.565157,"unclassified",,
574,573,13.371852,"unclassified",,
573,574,13.371852,"unclassified",,
573,475,37.594899,"unclassified",,
475,573,37.594899,"unclassified",,
475,572,72.074784,"unclassified",,
572,475,72.074784,"unclassified",,
474,518,13.864554,"unclassified",,
518,474,13.864554,"unclassified",,
481,479,52.849213999999996,"unclassified",,
479,478,37.992489,"unclassified",,
478,477,28.986651,"unclassified",,
477,476,50.905779,"unclassified",,
476,475,19.942914,"unclassified",,
475,474,63.839482,"unclassified",,
474,473,33.795573,"unclassified",,
479,481,52.849213999999996,"unclassified",,
478,479,37.992489,"unclassified",,
477,478,28.986651,"unclassified",,
476,477,50.905779,"unclassified",,
475,476,19.942914,"unclassified",,
474,475,63.839482,"unclassified",,
473,474,33.795573,"unclassified",,
549,522,58.641706,"unclassified",,
522,549,58.641706,"unclassified",,
569,567,24.953411,"residential",,
567,569,24.953411,"residential",,
567,529,40.363539,"residential",,
529,567,40.363539,"residential",,
548,520,58.999094,"residential",,
520,548,58.999094,"residential",,
565,550,5.548309,"unclassified",,
550,565,5.548309,"unclassified",,
550,562,30.779967999999997,"unclassified",,
562,550,30.779967999999997,"unclassified",,
562,546,75.679946,"unclassified",,
546,562,75.679946,"unclassified",,
558,543,43.710635,"residential",,
543,558,43.710635,"residential",,
543,526,57.196556,"residential",,
526,543,57.196556,"residential",,
555,528,66.108822,"residential",,
550,555,87.652675,"residential",,
546,438,49.515593,"unclassified",,
438,546,49.515593,"unclassified",,
438,545,10.44083,"unclassified",,
545,438,10.44083,"unclassified",,
545,544,49.209119,"unclassified",,
544,545,49.209119,"unclassified",,
544,540,30.323846,"unclassified",,
540,544,30.323846,"unclassified",,
540,467,36.132776,"unclassified",,
467,540,36.132776,"unclassified",,
466,540,109.893109,"unclassified",,
540,539,44.462781,"unclassified",,
540,1162,175.599538,"unclassified",,
539,540,44.462781,"unclassified",,
471,470,12.107221,"unclassified",,
470,468,52.845091,"unclassified",,
468,467,36.608472,"unclassified",,
467,466,66.461866,"unclassified",,
466,465,30.042464,"unclassified",,
465,464,31.542077,"unclassified",,
464,463,6.910308,"unclassified",,
463,461,40.493929,"unclassified",,
470,471,12.107221,"unclassified",,
468,470,52.845091,"unclassified",,
467,468,36.608472,"unclassified",,
466,467,66.461866,"unclassified",,
465,466,30.042464,"unclassified",,
464,465,31.542077,"unclassified",,
463,464,6.910308,"unclassified",,
461,463,40.493929,"unclassified",,
538,531,41.160789,"unclassified",,
531,538,41.160789,"unclassified",,
531,429,48.140191,"unclassified",,
429,531,48.140191,"unclassified",,
429,457,67.637913,"unclassified",,
457,429,67.637913,"unclassified",,
376,175,50.102927,"residential",,
175,376,50.102927,"residential",,
375,531,43.658053,"unclassified",,
531,375,43.658053,"unclassified",,
472,455,77.996643,"unclassified",,
455,472,77.996643,"unclassified",,
460,380,49.25748,"unclassified",,
380,460,49.25748,"unclassified",,
459,457,33.378335,"unclassified",,
457,459,33.378335,"unclassified",,
457,379,22.694383,"unclassified",,
379,457,22.694383,"unclassified",,
379,177,33.862273,"unclassified",,
177,379,33.862273,"unclassified",,
177,455,19.038783,"unclassified",,
455,177,19.038783,"unclassified",,
455,454,30.933097,"unclassified",,
454,455,30.933097,"unclassified",,
454,453,50.256243,"unclassified",,
453,454,50.256243,"unclassified",,
453,15,111.887259,"unclassified",,
15,453,111.887259,"unclassified",,
15,452,51.199728,"unclassified",,
452,15,51.199728,"unclassified",,
451,11,32.605239,"unclassified",,
11,451,32.605239,"unclassified",,
424,10,133.936811,"residential",,
342,449,69.237565,"tertiary",,
260,342,56.346134,"tertiary",,
445,260,58.470842000000005,"tertiary",,
444,445,117.003761,"tertiary",,
421,444,47.956199,"tertiary",,
172,421,38.751072,"tertiary",,
372,172,53.140195,"tertiary",,
441,372,105.419165,"tertiary",,
440,441,12.362589,"tertiary",,
410,440,80.265359,"tertiary",,
438,410,82.08265,"tertiary",,
436,438,73.49729500000001,"tertiary",,
435,436,24.153946,"tertiary",,
434,435,10.452256,"tertiary",,
410,409,40.582446,"unclassified",,
409,408,34.913232,"unclassified",,
408,407,35.64591,"unclassified",,
409,410,40.582446,"unclassified",,
408,409,34.913232,"unclassified",,
407,408,35.64591,"unclassified",,
431,429,37.680634,"residential",,
429,431,37.680634,"residential",,
429,377,30.233822,"residential",,
377,429,30.233822,"residential",,
377,176,49.158131,"residential",,
176,377,49.158131,"residential",,
176,425,46.296339,"residential",,
425,176,46.296339,"residential",,
425,424,49.782325,"residential",,
424,425,49.782325,"residential",,
424,12,112.579349,"residential",,
12,424,112.579349,"residential",,
453,14,143.887007,"residential",,
14,424,142.1494,"residential",,
15,17,26.898120999999996,"unclassified",,
14,15,32.547966,"unclassified",,
12,14,29.100544,"unclassified",,
11,12,18.590169,"unclassified",,
10,11,3.088074,"unclassified",,
177,176,62.758094,"residential",,
176,175,29.978524,"residential",,
175,174,32.991512,"residential",,
174,173,41.721076,"residential",,
173,172,10.317309,"residential",,
176,177,62.758094,"residential",,
175,176,29.978524,"residential",,
174,175,32.991512,"residential",,
173,174,41.721076,"residential",,
172,173,10.317309,"residential",,
422,421,12.438984,"unclassified",,
421,422,12.438984,"unclassified",,
421,420,48.924159,"unclassified",,
420,421,48.924159,"unclassified",,
420,417,34.488942,"unclassified",,
417,420,34.488942,"unclassified",,
417,412,31.029345,"unclassified",,
412,417,31.029345,"unclassified",,
412,393,30.540042,"unclassified",,
393,412,30.540042,"unclassified",,
218,420,42.537215,"unclassified",,
420,218,42.537215,"unclassified",,
420,370,93.895928,"unclassified",,
370,420,93.895928,"unclassified",,
419,170,60.66349,"unclassified",,
170,419,60.66349,"unclassified",,
170,418,50.766679,"unclassified",,
418,170,50.766679,"unclassified",,
418,417,37.93692,"unclassified",,
417,418,37.93692,"unclassified",,
417,369,71.530613,"unclassified",,
369,417,71.530613,"unclassified",,
416,406,41.7864,"unclassified",,
406,416,41.7864,"unclassified",,
406,396,31.010644,"unclassified",,
396,406,31.010644,"unclassified",,
396,404,62.035687,"unclassified",,
404,396,62.035687,"unclassified",,
404,414,39.856244,"unclassified",,
414,404,39.856244,"unclassified",,
414,413,28.544318,"unclassified",,
413,414,28.544318,"unclassified",,
413,367,35.551419,"unclassified",,
367,413,35.551419,"unclassified",,
367,412,58.812066,"unclassified",,
412,367,58.812066,"unclassified",,
411,167,52.948812,"residential",,
167,411,52.948812,"residential",,
369,405,75.611192,"unclassified",,
405,369,75.611192,"unclassified",,
405,406,61.132772,"unclassified",,
406,405,61.132772,"unclassified",,
371,397,28.991028,"unclassified",,
397,371,28.991028,"unclassified",,
397,405,36.573135,"unclassified",,
405,397,36.573135,"unclassified",,
405,404,32.055123,"unclassified",,
404,405,32.055123,"unclassified",,
404,356,37.104392,"unclassified",,
356,404,37.104392,"unclassified",,
356,401,16.344077,"unclassified",,
401,356,16.344077,"unclassified",,
401,387,27.028824,"unclassified",,
387,401,27.028824,"unclassified",,
354,396,37.933746,"unclassified",,
396,354,37.933746,"unclassified",,
395,168,32.500548,"unclassified",,
168,395,32.500548,"unclassified",,
168,394,53.17112,"unclassified",,
394,168,53.17112,"unclassified",,
394,393,31.086865,"unclassified",,
393,394,31.086865,"unclassified",,
393,365,60.812844999999996,"unclassified",,
365,393,60.812844999999996,"unclassified",,
365,361,7.477685,"unclassified",,
361,365,7.477685,"unclassified",,
361,186,39.683801,"unclassified",,
186,361,39.683801,"unclassified",,
186,390,43.774433,"unclassified",,
390,186,43.774433,"unclassified",,
389,390,7.260923,"unclassified",,
186,388,57.434266,"unclassified",,
388,186,57.434266,"unclassified",,
387,388,42.175964,"unclassified",,
386,387,40.196867,"unclassified",,
385,386,38.448142,"unclassified",,
383,385,47.751846,"unclassified",,
364,347,79.145682,"unclassified",,
347,364,79.145682,"unclassified",,
347,362,43.571173,"unclassified",,
362,347,43.571173,"unclassified",,
332,166,43.612287,"residential",,
166,332,43.612287,"residential",,
166,349,51.944471,"residential",,
349,166,51.944471,"residential",,
348,347,47.899181,"unclassified",,
347,348,47.899181,"unclassified",,
347,333,64.066662,"unclassified",,
333,347,64.066662,"unclassified",,
180,328,34.73715,"unclassified",,
328,180,34.73715,"unclassified",,
328,325,78.99986,"unclassified",,
325,328,78.99986,"unclassified",,
325,273,41.376483,"unclassified",,
273,325,41.376483,"unclassified",,
342,214,29.405692,"residential",,
214,342,29.405692,"residential",,
340,270,81.85014799999999,"residential",,
339,340,19.482886,"residential",,
331,334,47.151388,"residential",,
334,331,47.151388,"residential",,
271,323,44.312158,"unclassified",,
323,271,44.312158,"unclassified",,
323,334,29.431602,"unclassified",,
334,323,29.431602,"unclassified",,
333,334,41.543363,"unclassified",,
332,333,30.81,"unclassified",,
272,324,41.565986,"unclassified",,
324,272,41.565986,"unclassified",,
324,331,43.927741,"unclassified",,
331,324,43.927741,"unclassified",,
331,182,54.856036,"unclassified",,
182,331,54.856036,"unclassified",,
275,273,60.431124,"tertiary",,
273,275,60.431124,"tertiary",,
273,272,52.227241,"tertiary",,
272,273,52.227241,"tertiary",,
272,271,52.704545,"tertiary",,
271,272,52.704545,"tertiary",,
271,270,23.50827,"tertiary",,
270,271,23.50827,"tertiary",,
269,270,28.185565,"tertiary",,
270,268,38.120681000000005,"tertiary",,
268,269,9.935116,"tertiary",,
268,263,38.57565,"tertiary",,
263,268,38.57565,"tertiary",,
263,215,35.183068,"tertiary",,
215,263,35.183068,"tertiary",,
260,215,42.496663999999996,"tertiary",,
259,260,12.589239,"tertiary",,
218,171,50.858515,"residential",,
171,218,50.858515,"residential",,
171,217,63.12948,"residential",,
217,171,63.12948,"residential",,
215,217,82.41616900000001,"residential",,
214,215,38.935501,"residential",,
213,214,14.339341,"residential",,
339,213,166.47416800000002,"residential",,
180,165,60.864713,"residential",,
165,180,60.864713,"residential",,
165,185,55.687765,"residential",,
185,165,55.687765,"residential",,
185,186,119.247732,"residential",,
184,185,42.294425,"tertiary",,
183,184,7.492277,"tertiary",,
186,185,119.247732,"residential",,
185,184,42.294425,"tertiary",,
184,183,7.492277,"tertiary",,
170,171,27.590411,"residential",,
169,170,26.998634,"residential",,
168,169,25.255322,"residential",,
167,168,34.58707,"residential",,
166,167,31.977896,"residential",,
165,166,44.649688,"residential",,
171,170,27.590411,"residential",,
170,169,26.998634,"residential",,
169,168,25.255322,"residential",,
168,167,34.58707,"residential",,
167,166,31.977896,"residential",,
166,165,44.649688,"residential",,
182,180,21.589646000000002,"unclassified",,
180,179,41.214197,"unclassified",,
179,178,7.007959,"unclassified",,
180,182,21.589646000000002,"unclassified",,
179,180,41.214197,"unclassified",,
178,179,7.007959,"unclassified",,
217,215,82.41616900000001,"residential",,
215,214,38.935501,"residential",,
214,213,14.339341,"residential",,
213,1498,109.841524,"residential",,
215,260,42.496663999999996,"tertiary",,
260,259,12.589239,"tertiary",,
327,325,41.654228,"unclassified",,
325,324,52.222775,"unclassified",,
324,323,50.748621,"unclassified",,
325,327,41.654228,"unclassified",,
324,325,52.222775,"unclassified",,
323,324,50.748621,"unclassified",,
334,333,41.543363,"unclassified",,
333,332,30.81,"unclassified",,
270,340,81.85014799999999,"residential",,
340,339,19.482886,"residential",,
328,329,40.537859,"residential",,
329,328,40.537859,"residential",,
388,387,42.175964,"unclassified",,
387,386,40.196867,"unclassified",,
386,385,38.448142,"unclassified",,
385,383,47.751846,"unclassified",,
390,389,7.260923,"unclassified",,
361,359,42.177681,"tertiary",,
359,358,19.256778,"tertiary",,
358,357,8.404705,"tertiary",,
357,356,43.369769,"tertiary",,
356,354,62.523205000000004,"tertiary",,
354,353,7.75976,"tertiary",,
353,351,45.868415,"tertiary",,
351,350,11.001697,"tertiary",,
359,361,42.177681,"tertiary",,
358,359,19.256778,"tertiary",,
357,358,8.404705,"tertiary",,
356,357,43.369769,"tertiary",,
354,356,62.523205000000004,"tertiary",,
353,354,7.75976,"tertiary",,
351,353,45.868415,"tertiary",,
350,351,11.001697,"tertiary",,
380,382,46.252727,"residential",,
379,380,35.980386,"residential",,
377,379,71.741434,"residential",,
376,377,27.074426,"residential",,
375,376,24.202069,"residential",,
374,375,10.288135,"residential",,
373,374,32.289753,"residential",,
372,373,12.611162,"residential",,
371,372,26.058131,"residential",,
370,371,19.882794,"residential",,
369,370,54.490708,"residential",,
367,369,43.949454,"residential",,
365,367,32.415012,"residential",,
382,380,46.252727,"residential",,
380,379,35.980386,"residential",,
379,377,71.741434,"residential",,
377,376,27.074426,"residential",,
376,375,24.202069,"residential",,
375,374,10.288135,"residential",,
374,373,32.289753,"residential",,
373,372,12.611162,"residential",,
372,371,26.058131,"residential",,
371,370,19.882794,"residential",,
370,369,54.490708,"residential",,
369,367,43.949454,"residential",,
367,365,32.415012,"residential",,
397,400,96.779121,"unclassified",,
400,397,96.779121,"unclassified",,
521,543,49.039699,"unclassified",,
543,521,49.039699,"unclassified",,
543,516,58.574827,"unclassified",,
516,543,58.574827,"unclassified",,
516,542,30.312694,"unclassified",,
542,516,30.312694,"unclassified",,
546,534,78.031165,"unclassified",,
534,546,78.031165,"unclassified",,
534,523,86.265989,"unclassified",,
523,534,86.265989,"unclassified",,
532,515,31.072044,"residential",,
515,532,31.072044,"residential",,
530,529,9.98483,"unclassified",,
529,530,9.98483,"unclassified",,
529,514,21.62382,"unclassified",,
514,529,21.62382,"unclassified",,
514,528,7.3006,"unclassified",,
528,526,50.487498,"unclassified",,
526,523,60.911242,"unclassified",,
523,522,17.399232,"unclassified",,
522,521,21.337732,"unclassified",,
521,520,6.768166,"unclassified",,
520,519,37.764475,"unclassified",,
517,516,44.064172,"unclassified",,
516,515,24.9085,"unclassified",,
515,514,23.449578,"unclassified",,
528,514,7.3006,"unclassified",,
526,528,50.487498,"unclassified",,
523,526,60.911242,"unclassified",,
522,523,17.399232,"unclassified",,
521,522,21.337732,"unclassified",,
520,521,6.768166,"unclassified",,
519,520,37.764475,"unclassified",,
516,517,44.064172,"unclassified",,
515,516,24.9085,"unclassified",,
514,515,23.449578,"unclassified",,
528,555,66.108822,"residential",,
555,550,87.652675,"residential",,
549,548,25.171302,"unclassified",,
548,547,38.831663,"unclassified",,
548,549,25.171302,"unclassified",,
547,548,38.831663,"unclassified",,
567,566,6.296311,"residential",,
566,567,6.296311,"residential",,
595,466,83.426677,"unclassified",,
600,602,48.465302,"unclassified",,
599,600,47.505431,"unclassified",,
598,599,37.759639,"unclassified",,
602,600,48.465302,"unclassified",,
600,599,47.505431,"unclassified",,
599,598,37.759639,"unclassified",,
570,571,97.58865,"unclassified",,
10,926,280.100376,"residential",,
10,924,176.696121,"residential",,
1033,1029,33.478017,"unclassified",,
1029,1028,28.505704,"unclassified",,
1028,1024,78.838617,"unclassified",,
1024,1023,10.126576,"unclassified",,
1023,1021,36.271161000000006,"unclassified",,
1029,1033,33.478017,"unclassified",,
1028,1029,28.505704,"unclassified",,
1024,1028,78.838617,"unclassified",,
1023,1024,10.126576,"unclassified",,
1021,1023,36.271161000000006,"unclassified",,
994,1091,144.765905,"unclassified",,
1028,1105,53.140619,"unclassified",,
1105,1103,72.806017,"unclassified",,
1103,1102,16.489369,"unclassified",,
1102,1100,63.892302,"unclassified",,
1100,1099,25.627938,"unclassified",,
919,918,14.766247,"residential",,
918,917,9.07125,"residential",,
918,919,14.766247,"residential",,
917,918,9.07125,"residential",,
144,971,111.82117199999999,"unclassified",,
971,144,111.82117199999999,"unclassified",,
139,1079,37.878073,"unclassified",,
1079,139,37.878073,"unclassified",,
1078,1079,26.647751,"unclassified",,
1062,1004,39.605846,"residential",,
1004,1062,39.605846,"residential",,
1004,87,40.51407,"residential",,
87,1004,40.51407,"residential",,
972,140,110.498521,"unclassified",,
140,972,110.498521,"unclassified",,
1012,145,47.168537,"residential",,
145,1012,47.168537,"residential",,
913,629,35.492786,"secondary",,
911,910,17.359229,"unclassified",,
910,911,17.359229,"unclassified",,
910,58,33.982216,"unclassified",,
58,910,33.982216,"unclassified",,
909,908,46.728617,"secondary",,
908,909,46.728617,"secondary",,
908,149,14.794005,"secondary",,
149,908,14.794005,"secondary",,
149,906,89.265559,"secondary",,
906,149,89.265559,"secondary",,
906,83,13.938052,"secondary",,
83,906,13.938052,"secondary",,
83,905,15.761195,"secondary",,
905,83,15.761195,"secondary",,
905,79,11.913158,"secondary",,
79,905,11.913158,"secondary",,
666,79,5.259368,"secondary",,
79,78,30.852499,"secondary",,
78,666,25.593131,"secondary",,
78,904,33.442165,"secondary",,
904,78,33.442165,"secondary",,
904,903,25.047061,"secondary",,
903,904,25.047061,"secondary",,
903,618,24.810223,"secondary",,
618,903,24.810223,"secondary",,
618,902,4.784322,"secondary",,
902,618,4.784322,"secondary",,
902,901,33.186637,"secondary",,
901,902,33.186637,"secondary",,
901,899,22.943475,"secondary",,
899,901,22.943475,"secondary",,
899,53,25.76172,"secondary",,
53,899,25.76172,"secondary",,
53,616,54.204318,"secondary",,
616,53,54.204318,"secondary",,
616,61,12.081651,"secondary",,
61,616,12.081651,"secondary",,
61,100,21.427418,"secondary",,
100,61,21.427418,"secondary",,
100,77,38.712718,"secondary",,
77,100,38.712718,"secondary",,
895,616,72.235255,"service",,
616,895,72.235255,"service",,
890,131,75.897566,"residential",,
132,131,17.471166,"residential",,
131,129,19.95015,"residential",,
131,132,17.471166,"residential",,
129,131,19.95015,"residential",,
131,135,138.720303,"residential",,
883,889,20.386229,"residential",,
35,888,62.580558,"residential",,
112,885,23.167777,"residential",,
884,112,42.545851,"residential",,
114,884,13.349619,"residential",,
888,114,64.054873,"residential",,
115,116,10.579822,"footway",,
114,115,40.953268,"footway",,
116,115,10.579822,"footway",,
115,114,40.953268,"footway",,
865,882,39.089965,"footway",,
882,865,39.089965,"footway",,
882,879,33.061823,"footway",,
879,882,33.061823,"footway",,
879,867,58.240086,"footway",,
867,879,58.240086,"footway",,
871,867,29.938632000000002,"footway",,
870,867,18.596926,"steps",,
867,636,9.256889,"steps",,
636,629,251.264266,"residential",,
867,870,18.596926,"steps",,
636,867,9.256889,"steps",,
629,636,251.264266,"residential",,
867,871,29.938632000000002,"footway",,
866,820,30.116909,"unclassified",,
823,865,18.68265,"steps",,
822,823,1.893347,"footway",,
820,822,62.94266,"footway",,
865,823,18.68265,"steps",,
823,822,1.893347,"footway",,
822,820,62.94266,"footway",,
842,859,72.017873,"residential",,
859,842,72.017873,"residential",,
220,850,36.963562,"tertiary",,
850,220,36.963562,"tertiary",,
850,863,83.613867,"tertiary",,
863,850,83.613867,"tertiary",,
863,847,19.64942,"tertiary",,
847,863,19.64942,"tertiary",,
847,860,16.262141,"tertiary",,
860,847,16.262141,"tertiary",,
860,688,9.007516,"tertiary",,
688,860,9.007516,"tertiary",,
688,683,26.20429,"tertiary",,
683,688,26.20429,"tertiary",,
683,859,24.754148,"tertiary",,
859,683,24.754148,"tertiary",,
859,714,11.711272000000001,"tertiary",,
714,859,11.711272000000001,"tertiary",,
714,676,61.345533,"tertiary",,
676,696,33.871485,"tertiary",,
696,714,95.217018,"tertiary",,
696,855,10.956016,"tertiary",,
855,696,10.956016,"tertiary",,
855,698,41.104152,"tertiary",,
698,855,41.104152,"tertiary",,
698,837,35.607992,"tertiary",,
837,698,35.607992,"tertiary",,
851,837,110.919015,"tertiary",,
837,677,117.352307,"residential",,
677,837,117.352307,"residential",,
695,699,51.096711,"residential",,
699,695,51.096711,"residential",,
677,711,71.640645,"residential",,
711,677,71.640645,"residential",,
708,711,147.334595,"residential",,
678,689,30.673497,"residential",,
689,678,30.673497,"residential",,
689,697,67.81692100000001,"residential",,
697,689,67.81692100000001,"residential",,
699,697,53.030402,"residential",,
698,699,43.950482,"residential",,
692,697,50.724347,"residential",,
697,692,50.724347,"residential",,
696,695,46.739647,"residential",,
695,694,13.705672,"residential",,
694,692,47.029225,"residential",,
692,690,91.924653,"residential",,
690,689,22.587074,"residential",,
695,696,46.739647,"residential",,
694,695,13.705672,"residential",,
692,694,47.029225,"residential",,
690,692,91.924653,"residential",,
689,690,22.587074,"residential",,
697,699,53.030402,"residential",,
699,698,43.950482,"residential",,
711,678,172.863823,"residential",,
678,677,45.61841,"residential",,
677,678,45.61841,"residential",,
678,711,172.863823,"residential",,
711,708,147.334595,"residential",,
837,851,110.919015,"tertiary",,
143,680,94.855374,"residential",,
680,143,94.855374,"residential",,
680,674,38.780577,"residential",,
674,680,38.780577,"residential",,
674,676,24.479509999999998,"residential",,
673,674,25.391504,"residential",,
672,673,29.082527,"residential",,
671,672,2.416454,"residential",,
670,671,16.939089,"residential",,
669,670,29.827793,"residential",,
668,669,2.684325,"residential",,
666,668,55.057963,"residential",,
149,148,64.814271,"tertiary",,
148,147,30.61693,"tertiary",,
147,146,7.628362,"tertiary",,
146,145,28.099006,"tertiary",,
145,144,4.672112,"tertiary",,
144,143,32.274979,"tertiary",,
143,142,23.501139,"tertiary",,
142,140,16.849719999999998,"tertiary",,
140,139,84.00415,"tertiary",,
139,138,80.864372,"tertiary",,
148,149,64.814271,"tertiary",,
147,148,30.61693,"tertiary",,
146,147,7.628362,"tertiary",,
145,146,28.099006,"tertiary",,
144,145,4.672112,"tertiary",,
143,144,32.274979,"tertiary",,
142,143,23.501139,"tertiary",,
140,142,16.849719999999998,"tertiary",,
139,140,84.00415,"tertiary",,
138,139,80.864372,"tertiary",,
850,846,42.48841,"footway",,
846,850,42.48841,"footway",,
847,846,67.113927,"residential",,
846,847,67.113927,"residential",,
846,844,2.803441,"residential",,
844,846,2.803441,"residential",,
844,845,30.164416,"residential",,
845,844,30.164416,"residential",,
844,687,24.973316,"residential",,
687,844,24.973316,"residential",,
687,684,25.54188,"residential",,
684,687,25.54188,"residential",,
684,842,24.780978,"residential",,
842,684,24.780978,"residential",,
842,716,52.549386,"residential",,
198,815,37.493854,"unclassified",,
815,198,37.493854,"unclassified",,
815,813,25.486611,"unclassified",,
813,815,25.486611,"unclassified",,
813,811,66.349178,"unclassified",,
811,813,66.349178,"unclassified",,
811,808,102.32553,"unclassified",,
808,811,102.32553,"unclassified",,
808,806,51.550925,"unclassified",,
806,808,51.550925,"unclassified",,
806,802,94.218976,"unclassified",,
802,806,94.218976,"unclassified",,
802,801,16.854372,"unclassified",,
801,802,16.854372,"unclassified",,
801,195,23.43684,"unclassified",,
195,801,23.43684,"unclassified",,
716,222,119.78537,"unclassified",,
714,716,88.01753,"unclassified",,
194,662,32.279775,"residential",,
662,194,32.279775,"residential",,
639,642,65.18929,"residential",,
642,639,65.18929,"residential",,
642,662,44.275980000000004,"residential",,
662,642,44.275980000000004,"residential",,
662,653,14.232576,"residential",,
653,662,14.232576,"residential",,
653,645,35.235511,"residential",,
645,653,35.235511,"residential",,
645,658,33.532008,"residential",,
658,645,33.532008,"residential",,
661,639,9.215258,"residential",,
639,661,9.215258,"residential",,
639,637,74.831543,"residential",,
637,639,74.831543,"residential",,
637,640,70.012861,"residential",,
640,637,70.012861,"residential",,
640,658,64.405801,"residential",,
658,640,64.405801,"residential",,
658,651,7.962792,"residential",,
651,658,7.962792,"residential",,
651,657,7.313056,"residential",,
657,651,7.313056,"residential",,
657,646,70.901243,"residential",,
646,657,70.901243,"residential",,
646,656,68.483184,"residential",,
656,646,68.483184,"residential",,
655,650,29.907603,"residential",,
650,655,29.907603,"residential",,
650,652,74.109422,"residential",,
652,650,74.109422,"residential",,
652,653,7.471065,"residential",,
651,652,70.497074,"residential",,
653,652,7.471065,"residential",,
652,651,70.497074,"residential",,
197,650,24.435801,"residential",,
650,197,24.435801,"residential",,
646,650,92.149168,"residential",,
645,641,61.340199,"residential",,
641,645,61.340199,"residential",,
641,638,68.012949,"residential",,
638,641,68.012949,"residential",,
638,643,3.670972,"residential",,
643,638,3.670972,"residential",,
639,638,33.247798,"residential",,
638,637,33.71428,"residential",,
638,639,33.247798,"residential",,
637,638,33.71428,"residential",,
193,642,36.951864,"residential",,
642,193,36.951864,"residential",,
641,642,30.733354,"residential",,
640,641,30.682663,"residential",,
616,57,40.700052,"unclassified",,
57,616,40.700052,"unclassified",,
74,258,138.988955,"tertiary",,
258,74,138.988955,"tertiary",,
258,252,107.005672,"tertiary",,
252,258,107.005672,"tertiary",,
252,251,62.190495,"tertiary",,
251,252,62.190495,"tertiary",,
251,187,75.04327599999999,"tertiary",,
187,251,75.04327599999999,"tertiary",,
236,187,192.525279,"tertiary",,
235,236,38.726988,"tertiary",,
222,187,238.22470099999998,"tertiary",,
220,222,114.01769300000001,"tertiary",,
53,220,82.952739,"tertiary",,
820,192,67.63509400000001,"unclassified",,
190,204,98.157219,"residential",,
204,201,74.566109,"residential",,
201,200,2.238067,"residential",,
200,198,77.670559,"residential",,
198,197,33.190478,"residential",,
197,195,73.617501,"residential",,
195,194,17.326757,"residential",,
194,193,46.770571,"residential",,
193,192,9.246855,"residential",,
192,191,48.057057,"residential",,
187,190,111.816183,"unclassified",,
204,190,98.157219,"residential",,
201,204,74.566109,"residential",,
200,201,2.238067,"residential",,
198,200,77.670559,"residential",,
197,198,33.190478,"residential",,
195,197,73.617501,"residential",,
194,195,17.326757,"residential",,
193,194,46.770571,"residential",,
192,193,9.246855,"residential",,
191,192,48.057057,"residential",,
190,187,111.816183,"unclassified",,
192,209,61.39778200000001,"unclassified",,
187,222,238.22470099999998,"tertiary",,
222,220,114.01769300000001,"tertiary",,
220,53,82.952739,"tertiary",,
58,61,140.625494,"residential",,
57,58,54.394231,"residential",,
53,57,47.866283,"residential",,
187,236,192.525279,"tertiary",,
236,235,38.726988,"tertiary",,
122,137,27.817064,"residential",,
137,122,27.817064,"residential",,
30,128,46.686884,"residential",,
128,30,46.686884,"residential",,
126,128,1.764956,"residential",,
122,126,67.92441199999999,"residential",,
121,122,7.124591,"residential",,
127,33,48.377873,"residential",,
33,127,48.377873,"residential",,
120,38,7.486317,"steps",,
38,120,7.486317,"steps",,
119,110,42.472735,"residential",,
110,119,42.472735,"residential",,
113,112,16.603297,"residential",,
112,113,16.603297,"residential",,
112,110,36.937293999999994,"residential",,
110,112,36.937293999999994,"residential",,
110,109,12.756865,"residential",,
109,110,12.756865,"residential",,
109,106,11.850801,"residential",,
106,109,11.850801,"residential",,
29,105,62.474231,"residential",,
105,29,62.474231,"residential",,
106,108,73.78329500000001,"residential",,
105,106,13.184264,"residential",,
104,105,8.455723,"residential",,
77,65,55.918229,"residential",,
65,77,55.918229,"residential",,
65,103,29.452794,"residential",,
103,101,53.628828,"residential",,
63,65,75.271412,"unclassified",,
62,63,51.500175,"unclassified",,
103,65,29.452794,"residential",,
101,103,53.628828,"residential",,
65,63,75.271412,"unclassified",,
63,62,51.500175,"unclassified",,
77,75,83.061772,"secondary",,
75,77,83.061772,"secondary",,
75,74,13.290345,"secondary",,
74,75,13.290345,"secondary",,
74,73,39.410077,"secondary",,
73,74,39.410077,"secondary",,
73,72,5.35154,"secondary",,
72,73,5.35154,"secondary",,
72,8,42.128263,"secondary",,
8,72,42.128263,"secondary",,
52,44,35.69832,"residential",,
44,52,35.69832,"residential",,
51,49,68.139837,"residential",,
49,51,68.139837,"residential",,
8,49,44.891314,"residential",,
49,8,44.891314,"residential",,
49,44,195.230275,"residential",,
44,49,195.230275,"residential",,
44,43,23.501962,"residential",,
43,44,23.501962,"residential",,
43,4,77.058008,"unclassified",,
4,43,77.058008,"unclassified",,
38,6,72.26490700000001,"residential",,
35,38,78.630234,"residential",,
33,35,23.9844,"residential",,
30,33,33.675688,"residential",,
29,30,37.505482,"residential",,
28,29,16.559224,"residential",,
8,6,100.544274,"secondary",,
6,4,55.763847,"secondary",,
4,156,218.354915,"secondary",,
4,8,156.308121,"secondary",,
629,4,180.668614,"secondary",,
128,126,1.764956,"residential",,
126,122,67.92441199999999,"residential",,
122,121,7.124591,"residential",,
642,641,30.733354,"residential",,
641,640,30.682663,"residential",,
650,646,92.149168,"residential",,
222,716,119.78537,"unclassified",,
716,714,88.01753,"unclassified",,
716,842,52.549386,"residential",,
688,687,70.816957,"residential",,
687,684,118.74527599999999,"residential",,
684,683,71.741577,"residential",,
687,688,70.816957,"residential",,
684,687,118.74527599999999,"residential",,
683,684,71.741577,"residential",,
135,8,138.328801,"residential",,
100,98,108.148815,"residential",,
98,100,108.148815,"residential",,
61,58,140.625494,"residential",,
618,93,59.543756,"residential",,
93,618,59.543756,"residential",,
91,94,59.642076,"residential",,
94,91,59.642076,"residential",,
95,97,57.114804,"residential",,
97,95,57.114804,"residential",,
96,95,8.261361,"residential",,
95,94,29.976589,"residential",,
94,93,25.374809,"residential",,
93,91,87.71952,"residential",,
91,90,12.674315,"residential",,
90,89,19.010751,"residential",,
95,96,8.261361,"residential",,
94,95,29.976589,"residential",,
93,94,25.374809,"residential",,
91,93,87.71952,"residential",,
90,91,12.674315,"residential",,
89,90,19.010751,"residential",,
84,82,97.32367,"residential",,
82,84,97.32367,"residential",,
83,82,28.210731,"residential",,
82,83,28.210731,"residential",,
82,69,17.901342,"residential",,
69,82,17.901342,"residential",,
80,69,26.757049000000002,"residential",,
79,68,59.196261,"unclassified",,
68,79,59.196261,"unclassified",,
78,67,74.684057,"unclassified",,
67,78,74.684057,"unclassified",,
69,68,30.225546,"unclassified",,
68,67,31.917631,"unclassified",,
67,66,11.866225,"unclassified",,
68,69,30.225546,"unclassified",,
67,68,31.917631,"unclassified",,
66,67,11.866225,"unclassified",,
69,80,26.757049000000002,"residential",,
973,972,15.457213,"unclassified",,
972,973,15.457213,"unclassified",,
972,971,1.546132,"unclassified",,
971,972,1.546132,"unclassified",,
971,970,49.266721,"unclassified",,
970,971,49.266721,"unclassified",,
970,88,104.800296,"unclassified",,
88,970,104.800296,"unclassified",,
88,968,6.518747,"unclassified",,
87,88,45.710432,"unclassified",,
85,87,62.239436000000005,"unclassified",,
968,88,6.518747,"unclassified",,
88,87,45.710432,"unclassified",,
87,85,62.239436000000005,"unclassified",,
1004,1007,63.03281,"residential",,
1007,1004,63.03281,"residential",,
1079,1078,26.647751,"unclassified",,
1144,1143,10.867046,"unclassified",,
1143,1141,19.391515,"unclassified",,
1141,1140,22.189871,"unclassified",,
1140,1139,11.980485,"unclassified",,
1117,1119,45.509221000000004,"service",,
1119,1117,45.509221000000004,"service",,
1080,1081,37.003087,"service",,
1081,1080,37.003087,"service",,
1162,1157,121.727101,"unclassified",,
936,941,20.854681,"residential",,
577,936,13.088765,"residential",,
1197,1216,83.78074,"residential",,
1096,1222,102.854546,"unclassified",,
1222,1221,29.627411,"unclassified",,
747,750,64.696455,"residential",,
750,747,64.696455,"residential",,
788,786,43.310742999999995,"residential",,
786,788,43.310742999999995,"residential",,
282,1268,139.04452,"unclassified",,
1291,1292,15.050461,"unclassified",,
1290,1291,38.183502,"unclassified",,
1292,1291,15.050461,"unclassified",,
1291,1290,38.183502,"unclassified",,
1352,1343,56.55329,"service",,
1343,1352,56.55329,"service",,
1330,1333,56.225029,"service",,
1333,1330,56.225029,"service",,
656,1425,24.717106,"footway",,
1408,1427,30.263347,"footway",,
287,289,35.578522,"unclassified",,
289,287,35.578522,"unclassified",,
284,283,19.090776,"unclassified",,
283,284,19.090776,"unclassified",,
835,830,95.47918800000001,"service",,
830,835,95.47918800000001,"service",,
832,830,42.648145,"residential",,
830,828,50.281972,"residential",,
830,832,42.648145,"residential",,
828,830,50.281972,"residential",,
488,482,11.076978,"residential",,
482,488,11.076978,"residential",,
482,484,62.778915999999995,"residential",,
483,482,26.296441,"residential",,
484,482,62.778915999999995,"residential",,
482,483,26.296441,"residential",,
1579,1577,66.887824,"residential",,
945,944,37.644628,"residential",,
944,945,37.644628,"residential",,
932,1618,52.447851,"residential",,
1174,1479,21.130164,"residential",,
1479,1174,21.130164,"residential",,
1222,1628,12.33245,"residential",,
1628,1627,14.711083,"service",,
704,1660,42.786291,"residential",,
586,1681,92.137955,"footway",,
503,489,39.326704,"residential",,
489,503,39.326704,"residential",,
489,502,20.119826,"residential",,
491,489,62.973736,"residential",,
502,489,20.119826,"residential",,
489,491,62.973736,"residential",,
1610,1608,126.995866,"footway",,
1608,1610,126.995866,"footway",,
321,322,16.898087,"residential",,
320,318,36.740449999999996,"residential",,
318,320,36.740449999999996,"residential",,
317,316,42.213866,"residential",,
316,317,42.213866,"residential",,
315,314,47.333701,"residential",,
314,315,47.333701,"residential",,
1631,1635,147.41215100000002,"service",,
1652,1653,35.255556,"service",,
1653,1652,35.255556,"service",,
1751,1750,35.153605,"steps",,
1750,1751,35.153605,"steps",,
1016,1772,29.73019,"residential",,
1393,1833,56.886077,"footway",,
1811,1838,21.219607,"footway",,
1849,1845,69.333624,"footway",,
1849,1855,47.558142000000004,"footway",,
1869,1871,12.188377,"footway",,
1871,1877,5.755614,"footway",,
1374,1906,107.844009,"footway",,
1931,1934,47.565956,"footway",,
1942,1954,57.729736,"footway",,
1954,1942,57.729736,"footway",,
1954,1942,53.513904,"footway",,
1942,1954,53.513904,"footway",,
1942,1942,0.0,"footway",,
1942,1942,0.0,"footway",,
1942,1946,34.32011,"footway",,
1945,1942,28.197179,"footway",,
1946,1942,34.32011,"footway",,
1942,1945,28.197179,"footway",,
2022,2023,20.123379,"footway",,
2021,2016,12.478018,"footway",,
2016,2021,12.478018,"footway",,
2016,2005,16.561025,"footway",,
2005,2016,16.561025,"footway",,
2005,2011,16.608078,"footway",,
2011,2005,16.608078,"footway",,
2011,2018,22.369014,"footway",,
2018,2011,22.369014,"footway",,
2017,2018,9.431903,"footway",,
2016,2007,15.804054999999998,"footway",,
2007,2016,15.804054999999998,"footway",,
2007,2009,5.132986,"footway",,
2009,2007,5.132986,"footway",,
2009,2011,12.082348999999999,"footway",,
2010,2009,18.027012,"footway",,
2011,2009,12.082348999999999,"footway",,
2009,2010,18.027012,"footway",,
2007,2008,19.118201,"footway",,
2008,2007,19.118201,"footway",,
2018,2017,9.431903,"footway",,
2005,2006,9.897072,"footway",,
2006,2005,9.897072,"footway",,
1467,2033,25.740595,"footway",,